[{"model": "admin.logentry", "pk": 1, "fields": {"action_time": "2025-02-20T06:27:59.894Z", "user": "b7ea5048-1858-4595-9dca-de2ec0a33d43", "content_type": 4, "object_id": "8892fb10-7cef-4192-ad74-f10bff1e31e1", "object_repr": "user111", "action_flag": 2, "change_message": "[{\"changed\": {\"fields\": [\"Staff status\", \"Is approved\"]}}]"}}, {"model": "admin.logentry", "pk": 2, "fields": {"action_time": "2025-02-20T06:38:12.567Z", "user": "b7ea5048-1858-4595-9dca-de2ec0a33d43", "content_type": 4, "object_id": "30520f72-ba60-4923-a526-6ebc17dd444f", "object_repr": "user222", "action_flag": 2, "change_message": "[{\"changed\": {\"fields\": [\"Is approved\"]}}]"}}, {"model": "admin.logentry", "pk": 3, "fields": {"action_time": "2025-02-20T10:07:44.906Z", "user": "b7ea5048-1858-4595-9dca-de2ec0a33d43", "content_type": 4, "object_id": "8892fb10-7cef-4192-ad74-f10bff1e31e1", "object_repr": "user111", "action_flag": 2, "change_message": "[{\"changed\": {\"fields\": [\"Staff status\"]}}]"}}, {"model": "admin.logentry", "pk": 4, "fields": {"action_time": "2025-02-21T07:58:35.098Z", "user": "b7ea5048-1858-4595-9dca-de2ec0a33d43", "content_type": 4, "object_id": "30520f72-ba60-4923-a526-6ebc17dd444f", "object_repr": "user222", "action_flag": 2, "change_message": "[{\"changed\": {\"fields\": [\"Staff status\"]}}]"}}, {"model": "admin.logentry", "pk": 5, "fields": {"action_time": "2025-02-24T08:33:16.288Z", "user": "b7ea5048-1858-4595-9dca-de2ec0a33d43", "content_type": 4, "object_id": "786e4ecd-ef0b-4bf2-8738-71061c6529c3", "object_repr": "user333", "action_flag": 2, "change_message": "[{\"changed\": {\"fields\": [\"Staff status\", \"Country\"]}}]"}}, {"model": "admin.logentry", "pk": 6, "fields": {"action_time": "2025-02-25T07:07:17.644Z", "user": "b7ea5048-1858-4595-9dca-de2ec0a33d43", "content_type": 4, "object_id": "8892fb10-7cef-4192-ad74-f10bff1e31e1", "object_repr": "user111", "action_flag": 2, "change_message": "[{\"changed\": {\"fields\": [\"Staff status\"]}}]"}}, {"model": "admin.logentry", "pk": 7, "fields": {"action_time": "2025-02-25T10:32:12.992Z", "user": "b7ea5048-1858-4595-9dca-de2ec0a33d43", "content_type": 4, "object_id": "8892fb10-7cef-4192-ad74-f10bff1e31e1", "object_repr": "user111", "action_flag": 2, "change_message": "[{\"changed\": {\"fields\": [\"Staff status\"]}}]"}}, {"model": "auth.permission", "pk": 1, "fields": {"name": "Can add permission", "content_type": 1, "codename": "add_permission"}}, {"model": "auth.permission", "pk": 2, "fields": {"name": "Can change permission", "content_type": 1, "codename": "change_permission"}}, {"model": "auth.permission", "pk": 3, "fields": {"name": "Can delete permission", "content_type": 1, "codename": "delete_permission"}}, {"model": "auth.permission", "pk": 4, "fields": {"name": "Can view permission", "content_type": 1, "codename": "view_permission"}}, {"model": "auth.permission", "pk": 5, "fields": {"name": "Can add group", "content_type": 2, "codename": "add_group"}}, {"model": "auth.permission", "pk": 6, "fields": {"name": "Can change group", "content_type": 2, "codename": "change_group"}}, {"model": "auth.permission", "pk": 7, "fields": {"name": "Can delete group", "content_type": 2, "codename": "delete_group"}}, {"model": "auth.permission", "pk": 8, "fields": {"name": "Can view group", "content_type": 2, "codename": "view_group"}}, {"model": "auth.permission", "pk": 9, "fields": {"name": "Can add content type", "content_type": 3, "codename": "add_contenttype"}}, {"model": "auth.permission", "pk": 10, "fields": {"name": "Can change content type", "content_type": 3, "codename": "change_contenttype"}}, {"model": "auth.permission", "pk": 11, "fields": {"name": "Can delete content type", "content_type": 3, "codename": "delete_contenttype"}}, {"model": "auth.permission", "pk": 12, "fields": {"name": "Can view content type", "content_type": 3, "codename": "view_contenttype"}}, {"model": "auth.permission", "pk": 13, "fields": {"name": "Can add user", "content_type": 4, "codename": "add_customuser"}}, {"model": "auth.permission", "pk": 14, "fields": {"name": "Can change user", "content_type": 4, "codename": "change_customuser"}}, {"model": "auth.permission", "pk": 15, "fields": {"name": "Can delete user", "content_type": 4, "codename": "delete_customuser"}}, {"model": "auth.permission", "pk": 16, "fields": {"name": "Can view user", "content_type": 4, "codename": "view_customuser"}}, {"model": "auth.permission", "pk": 17, "fields": {"name": "Can add log entry", "content_type": 5, "codename": "add_logentry"}}, {"model": "auth.permission", "pk": 18, "fields": {"name": "Can change log entry", "content_type": 5, "codename": "change_logentry"}}, {"model": "auth.permission", "pk": 19, "fields": {"name": "Can delete log entry", "content_type": 5, "codename": "delete_logentry"}}, {"model": "auth.permission", "pk": 20, "fields": {"name": "Can view log entry", "content_type": 5, "codename": "view_logentry"}}, {"model": "auth.permission", "pk": 21, "fields": {"name": "Can add session", "content_type": 6, "codename": "add_session"}}, {"model": "auth.permission", "pk": 22, "fields": {"name": "Can change session", "content_type": 6, "codename": "change_session"}}, {"model": "auth.permission", "pk": 23, "fields": {"name": "Can delete session", "content_type": 6, "codename": "delete_session"}}, {"model": "auth.permission", "pk": 24, "fields": {"name": "Can view session", "content_type": 6, "codename": "view_session"}}, {"model": "auth.permission", "pk": 25, "fields": {"name": "Can add password reset request", "content_type": 7, "codename": "add_passwordresetrequest"}}, {"model": "auth.permission", "pk": 26, "fields": {"name": "Can change password reset request", "content_type": 7, "codename": "change_passwordresetrequest"}}, {"model": "auth.permission", "pk": 27, "fields": {"name": "Can delete password reset request", "content_type": 7, "codename": "delete_passwordresetrequest"}}, {"model": "auth.permission", "pk": 28, "fields": {"name": "Can view password reset request", "content_type": 7, "codename": "view_passwordresetrequest"}}, {"model": "auth.permission", "pk": 29, "fields": {"name": "Can add investment project", "content_type": 8, "codename": "add_investmentproject"}}, {"model": "auth.permission", "pk": 30, "fields": {"name": "Can change investment project", "content_type": 8, "codename": "change_investmentproject"}}, {"model": "auth.permission", "pk": 31, "fields": {"name": "Can delete investment project", "content_type": 8, "codename": "delete_investmentproject"}}, {"model": "auth.permission", "pk": 32, "fields": {"name": "Can view investment project", "content_type": 8, "codename": "view_investmentproject"}}, {"model": "auth.permission", "pk": 33, "fields": {"name": "Can add transaction", "content_type": 9, "codename": "add_transaction"}}, {"model": "auth.permission", "pk": 34, "fields": {"name": "Can change transaction", "content_type": 9, "codename": "change_transaction"}}, {"model": "auth.permission", "pk": 35, "fields": {"name": "Can delete transaction", "content_type": 9, "codename": "delete_transaction"}}, {"model": "auth.permission", "pk": 36, "fields": {"name": "Can view transaction", "content_type": 9, "codename": "view_transaction"}}, {"model": "auth.permission", "pk": 37, "fields": {"name": "Can add user project assignment", "content_type": 10, "codename": "add_userprojectassignment"}}, {"model": "auth.permission", "pk": 38, "fields": {"name": "Can change user project assignment", "content_type": 10, "codename": "change_userprojectassignment"}}, {"model": "auth.permission", "pk": 39, "fields": {"name": "Can delete user project assignment", "content_type": 10, "codename": "delete_userprojectassignment"}}, {"model": "auth.permission", "pk": 40, "fields": {"name": "Can view user project assignment", "content_type": 10, "codename": "view_userprojectassignment"}}, {"model": "auth.permission", "pk": 41, "fields": {"name": "Can add user document", "content_type": 11, "codename": "add_userdocument"}}, {"model": "auth.permission", "pk": 42, "fields": {"name": "Can change user document", "content_type": 11, "codename": "change_userdocument"}}, {"model": "auth.permission", "pk": 43, "fields": {"name": "Can delete user document", "content_type": 11, "codename": "delete_userdocument"}}, {"model": "auth.permission", "pk": 44, "fields": {"name": "Can view user document", "content_type": 11, "codename": "view_userdocument"}}, {"model": "contenttypes.contenttype", "pk": 1, "fields": {"app_label": "auth", "model": "permission"}}, {"model": "contenttypes.contenttype", "pk": 2, "fields": {"app_label": "auth", "model": "group"}}, {"model": "contenttypes.contenttype", "pk": 3, "fields": {"app_label": "contenttypes", "model": "contenttype"}}, {"model": "contenttypes.contenttype", "pk": 4, "fields": {"app_label": "mafazapp", "model": "customuser"}}, {"model": "contenttypes.contenttype", "pk": 5, "fields": {"app_label": "admin", "model": "logentry"}}, {"model": "contenttypes.contenttype", "pk": 6, "fields": {"app_label": "sessions", "model": "session"}}, {"model": "contenttypes.contenttype", "pk": 7, "fields": {"app_label": "mafazapp", "model": "passwordresetrequest"}}, {"model": "contenttypes.contenttype", "pk": 8, "fields": {"app_label": "mafazapp", "model": "investmentproject"}}, {"model": "contenttypes.contenttype", "pk": 9, "fields": {"app_label": "mafazapp", "model": "transaction"}}, {"model": "contenttypes.contenttype", "pk": 10, "fields": {"app_label": "mafazapp", "model": "userprojectassignment"}}, {"model": "contenttypes.contenttype", "pk": 11, "fields": {"app_label": "mafazapp", "model": "userdocument"}}, {"model": "sessions.session", "pk": "22kkkc89u7uxkijkki8na3md4aq7sff2", "fields": {"session_data": ".eJxVjjsOwjAQBe_iGltef7I2ZXrOEK29NgmgRMqnQtydREoB9cw8vbfoaFv7blvK3A0sriKEaGoCLTGXKh1EI4nRyQo61QrFQgFx-c0S5WcZj5YfNN4nladxnYekDkWddFG3icurPd2_gZ6Wfq-NN2BckwmzpYhFcwi1sYgxWbKgfWQix9EAOibcoQ_e5Lo_bgJQFJ8v7qpAcw:1tl1OH:TP357I7MwF2ds6a-LBaHG0btYCYTdT-7PGba631CAFA", "expire_date": "2025-03-06T07:54:37.179Z"}}, {"model": "sessions.session", "pk": "4tw1jnf3n3tjc0gc48oi56tthqbwq6me", "fields": {"session_data": ".eJxVjjsOwjAQBe_iGltef7I2ZXrOEK29NgmgRMqnQtydREoB9cw8vbfoaFv7blvK3A0sriKEaGoCLTGXKh1EI4nRyQo61QrFQgFx-c0S5WcZj5YfNN4nladxnYekDkWddFG3icurPd2_gZ6Wfq-NN2BckwmzpYhFcwi1sYgxWbKgfWQix9EAOibcoQ_e5Lo_bgJQFJ8v7qpAcw:1tl2jr:vtqNwNxafaXtUPVMlKALgv1AK5-iQJNVRrnN7HbQKhY", "expire_date": "2025-03-06T09:20:59.223Z"}}, {"model": "sessions.session", "pk": "8f3hfspvnxdazuut637veuwuhtrhk4dp", "fields": {"session_data": ".eJxVjjsOwjAQBe_iGltef7I2ZXrOEK29NgmgRMqnQtydREoB9cw8vbfoaFv7blvK3A0sriKEaGoCLTGXKh1EI4nRyQo61QrFQgFx-c0S5WcZj5YfNN4nladxnYekDkWddFG3icurPd2_gZ6Wfq-NN2BckwmzpYhFcwi1sYgxWbKgfWQix9EAOibcoQ_e5Lo_bgJQFJ8v7qpAcw:1tl4o3:LZ0JyNBj-ZI7HScUJ8nkn2ETEUAv-omCa5onui47fp0", "expire_date": "2025-03-06T11:33:27.021Z"}}, {"model": "sessions.session", "pk": "8fnlaw3wrqzlxqlgkvkif10fo6e5ysir", "fields": {"session_data": ".eJxVjjsOwjAQBe_iGltef7I2ZXrOEK29NgmgRMqnQtydREoB9cw8vbfoaFv7blvK3A0sriKEaGoCLTGXKh1EI4nRyQo61QrFQgFx-c0S5WcZj5YfNN4nladxnYekDkWddFG3icurPd2_gZ6Wfq-NN2BckwmzpYhFcwi1sYgxWbKgfWQix9EAOibcoQ_e5Lo_bgJQFJ8v7qpAcw:1tl0rY:pC5bPd2o9iYTFbQsjAUXlWH2UjyvWSfGovR25UHhYiI", "expire_date": "2025-03-06T07:20:48.516Z"}}, {"model": "sessions.session", "pk": "cpvhdttzn3xval3gugmo29dju2nyjqo2", "fields": {"session_data": ".eJxVjDsOwyAQBe9CHdAuXsCkTJ8zWAsscT6yJX-qKHePLblIuifNzHurjtel79ZZpu5e1Fk1UWJ1mXQskTRBijpZH3XjxLVggT2yOv1mifNThr0tDx5uo8njsEz3ZHbFHHQ217HI63K4fwc9z_1WV0AhRhsh1dQ68kgBA-dQGLCGWqlICDZkap002_DJoXVYoGTxAOrzBZSeQCU:1tlNOO:6qyWNdvg0qF_AVkKvbzXuJJRn6LK5-me_6it8vFkyPU", "expire_date": "2025-03-07T07:24:12.793Z"}}, {"model": "sessions.session", "pk": "dzkk1o5dsqtli873knr8y6n4nck8it9d", "fields": {"session_data": ".eJxVjDkOwjAQAP_iGlu-vaak5w2Rd70mHEqkHBXi7yRSCqjneIuurEvfrTNP3b2Ks0gQ2TNVyU2j9NishORAJqOjoRhsJidOvxkWevKwt_VRhtuoaByW6Y5qV9RBZ3UdK78uh_s36Mvcb3U0DiIFaj5gAde0Bs7agWOLwSXfyHqTHW7H3KhVIKTYbPYpA1rP4vMF3XxBMw:1tqCVi:g9wcGJrBL4qZ8gOcQQ0hVErjlfyjH5elZbnhD3nF-wU", "expire_date": "2025-03-20T14:47:42.484Z"}}, {"model": "sessions.session", "pk": "e5yqaxhx4fxq9auzz8stihew884iz7ng", "fields": {"session_data": ".eJxVjjsOwjAQBe_iGltef7I2ZXrOEK29NgmgRMqnQtydREoB9cw8vbfoaFv7blvK3A0sriKEaGoCLTGXKh1EI4nRyQo61QrFQgFx-c0S5WcZj5YfNN4nladxnYekDkWddFG3icurPd2_gZ6Wfq-NN2BckwmzpYhFcwi1sYgxWbKgfWQix9EAOibcoQ_e5Lo_bgJQFJ8v7qpAcw:1tl2iW:Tqs1Sx2UZRZgplrg_c06bPuMJEnIgpq8jqcO-iZs60g", "expire_date": "2025-03-06T09:19:36.365Z"}}, {"model": "sessions.session", "pk": "fr7erj37220mfge9mqjkprfwl7jrhopk", "fields": {"session_data": ".eJxVjUsOwjAMBe-SNYnixJCYJXvOUMWxQ_molfpZIe6OKnUB6zcz7226si59t846dXcxZ5MzhcbgbaraLAIFWyShbeC5NdAICubwq3GpTx02Vx5luI2ujsMy3dltiNvX2V1H0ddlZ_8CfZn77ZlSSZCyKglCpegJYhTkliggKzJQEgbxQSgX9OiPIOBPMQeKFc3nC_E1QCk:1tqudd:GRSGP4hMcY68z2uAbmSxKTEg4WSv1fjNTYveEG4UN4I", "expire_date": "2025-03-22T13:54:49.670Z"}}, {"model": "sessions.session", "pk": "hbf2kay1v8gh67fh2b3s3n7eie9pp2h5", "fields": {"session_data": ".eJxVzDsOwjAQRdG9uMbWePynpGcNkcf2kABKpHwqxN4hUgqo3z3vJbq8rX23LW3uhirOwoBD4ICSsgdpExqZHXrpGxUdarXWsjj9Msrl0cbd1nseb5Mq07jOA6k9Uce6qOtU2_NytH8HfV76r9Y2-BQbEUOs4Mk7CqgxB7YA4LQ3ETCmgpwCBwICbzIyOl2jjmzF-wN6pj-E:1tlMW8:UBFu4NEGirQQ_h0dy3mtLPj6Mt1CZGK8evbb-IelZ5c", "expire_date": "2025-03-07T06:28:08.572Z"}}, {"model": "sessions.session", "pk": "jir07wynr4jw9xh3qg11a58hv3d2h7l1", "fields": {"session_data": ".eJxVjjsOwjAQBe_iGltef7I2ZXrOEK29NgmgRMqnQtydREoB9cw8vbfoaFv7blvK3A0sriKEaGoCLTGXKh1EI4nRyQo61QrFQgFx-c0S5WcZj5YfNN4nladxnYekDkWddFG3icurPd2_gZ6Wfq-NN2BckwmzpYhFcwi1sYgxWbKgfWQix9EAOibcoQ_e5Lo_bgJQFJ8v7qpAcw:1tl3TU:LhGbJRNNHLqOZf7ZTpLgOjgGn0cKdbD7oyTYhReobQw", "expire_date": "2025-03-06T10:08:08.130Z"}}, {"model": "sessions.session", "pk": "lkx31kasbxzw9hdv9twszqhdi02ewgtm", "fields": {"session_data": ".eJxVjDsOwjAMQO-SmUZxPk3CyM4ZKie2aQG1Uj8T4u5QqQPM7_NSHW5r320Lz91A6qxSylYKmCZWlsZDtg1S9I2AKSLADhjU6TcrWB887i3dcbxNuk7jOg9F74o-6KKvE_Hzcrh_gx6X_luX_Y6Yo5VaC4sLsbUtSQgx54AMQCEZHwv5bFxMYHIlX9BU71FcVe8PJdtBpA:1tmsQx:lfXVkMSys8sqQ0NT-8rrwQdi9XqS-8GvJeUup98tabI", "expire_date": "2025-03-11T10:45:03.829Z"}}, {"model": "sessions.session", "pk": "s3il6wtlgjitopu4fgcur96uqgir4tco", "fields": {"session_data": ".eJxVjUsOwjAMBe-SNYnixJCYJXvOUMWxQ_molfpZIe6OKnUB6zcz7226si59t846dXcxZ5MzhcbgbaraLAIFWyShbeC5NdAICubwq3GpTx02Vx5luI2ujsMy3dltiNvX2V1H0ddlZ_8CfZn77ZlSSZCyKglCpegJYhTkliggKzJQEgbxQSgX9OiPIOBPMQeKFc3nC_E1QCk:1tqCVE:SLPM_fSyMhYW58NZR3HaVLsiIPWuVwl8y2k95d5QVkY", "expire_date": "2025-03-20T14:47:12.340Z"}}, {"model": "sessions.session", "pk": "tkv7tjca15n9lbxxxnlo78rlkip20v1b", "fields": {"session_data": ".eJxVjjsOwjAQBe_iGltef7I2ZXrOEK29NgmgRMqnQtydREoB9cw8vbfoaFv7blvK3A0sriKEaGoCLTGXKh1EI4nRyQo61QrFQgFx-c0S5WcZj5YfNN4nladxnYekDkWddFG3icurPd2_gZ6Wfq-NN2BckwmzpYhFcwi1sYgxWbKgfWQix9EAOibcoQ_e5Lo_bgJQFJ8v7qpAcw:1tl0Po:_zELoOdv0-gB5mOhfKWtoXl0D2D_mV8xORr-bEuzOis", "expire_date": "2025-03-06T06:52:08.722Z"}}, {"model": "sessions.session", "pk": "twjn7yeck3qdl4ahykx7had3e8l4wfg2", "fields": {"session_data": ".eJxVjjsOwjAQBe_iGltef7I2ZXrOEK29NgmgRMqnQtydREoB9cw8vbfoaFv7blvK3A0sriKEaGoCLTGXKh1EI4nRyQo61QrFQgFx-c0S5WcZj5YfNN4nladxnYekDkWddFG3icurPd2_gZ6Wfq-NN2BckwmzpYhFcwi1sYgxWbKgfWQix9EAOibcoQ_e5Lo_bgJQFJ8v7qpAcw:1tl5Jb:kQQ1Tjo26P1M8s-wZSFkIQkZqJP-cGTX58Pa8Wyxyqw", "expire_date": "2025-03-06T12:06:03.130Z"}}, {"model": "sessions.session", "pk": "utozo092ax0n4cyif4mls0u9ah85st2v", "fields": {"session_data": ".eJxVjDkOwjAQAP_iGlu-vaak5w2Rd70mHEqkHBXi7yRSCqjneIuurEvfrTNP3b2Ks0gQ2TNVyU2j9NishORAJqOjoRhsJidOvxkWevKwt_VRhtuoaByW6Y5qV9RBZ3UdK78uh_s36Mvcb3U0DiIFaj5gAde0Bs7agWOLwSXfyHqTHW7H3KhVIKTYbPYpA1rP4vMF3XxBMw:1tqpeF:6ZASyn3FQIopWNFgmysNw2YMPCnD8zVilCmyz5dP2aE", "expire_date": "2025-03-22T08:35:07.303Z"}}, {"model": "sessions.session", "pk": "w4qdebih5srtzzi1c4lfw40jculnuy5u", "fields": {"session_data": ".eJxVjDkOwjAQAP_iGlu-vaak5w2Rd70mHEqkHBXi7yRSCqjneIuurEvfrTNP3b2Ks0gQ2TNVyU2j9NishORAJqOjoRhsJidOvxkWevKwt_VRhtuoaByW6Y5qV9RBZ3UdK78uh_s36Mvcb3U0DiIFaj5gAde0Bs7agWOLwSXfyHqTHW7H3KhVIKTYbPYpA1rP4vMF3XxBMw:1tqui8:3xiADI595TYK64oTY5lTqnjPAuH9WrIzQMjLlNUENhs", "expire_date": "2025-03-22T13:59:28.844Z"}}, {"model": "sessions.session", "pk": "zgnohqg4zzndaowmdz235atvwrym8z7v", "fields": {"session_data": ".eJxVzDsOwjAQRdG9uMbWePynpGcNkcf2kABKpHwqxN4hUgqo3z3vJbq8rX23LW3uhirOwoBD4ICSsgdpExqZHXrpGxUdarXWsjj9Msrl0cbd1nseb5Mq07jOA6k9Uce6qOtU2_NytH8HfV76r9Y2-BQbEUOs4Mk7CqgxB7YA4LQ3ETCmgpwCBwICbzIyOl2jjmzF-wN6pj-E:1tlNCh:EiQmexJwq9M6IZ3jAvm5JTzlzga6FUw0szt0dRoqf_w", "expire_date": "2025-03-07T07:12:07.020Z"}}, {"model": "mafazapp.customuser", "pk": "30520f72-ba60-4923-a526-6ebc17dd444f", "fields": {"password": "pbkdf2_sha256$870000$05SY7w4CPxtaAChxhcbO3q$KuGASuHa2WLE5Vm4z9OjTVZ5IZaofjR+m1L6/xIkgoI=", "last_login": "2025-03-06T14:41:13.829Z", "is_superuser": false, "username": "user222", "first_name": "user2", "last_name": "k", "email": "user2@gmail.com", "is_staff": true, "is_active": true, "date_joined": "2025-02-20T06:37:19Z", "phone_number": "7858654568", "address": "kckscl", "country": "AM", "status": "PENDING", "is_approved": true, "created_at": "2025-02-20T06:37:20.206Z", "has_requested": false, "groups": [], "user_permissions": []}}, {"model": "mafazapp.customuser", "pk": "38a0d52c-a86e-4d1f-8b8c-b9deaf083e73", "fields": {"password": "pbkdf2_sha256$870000$7XqjrjCupUKi8R70Sq2Pn2$6fTJNYEq1ZqpcqNKf+gpY/qOWz4fqvGlx/IJ7STKV80=", "last_login": null, "is_superuser": true, "username": "lagari", "first_name": "", "last_name": "", "email": "", "is_staff": true, "is_active": true, "date_joined": "2025-03-08T21:03:32.755Z", "phone_number": "", "address": "", "country": "", "status": "PENDING", "is_approved": false, "created_at": "2025-03-08T21:03:33.108Z", "has_requested": false, "groups": [], "user_permissions": []}}, {"model": "mafazapp.customuser", "pk": "39e9f5c4-9d94-40b9-b269-35e58020a61a", "fields": {"password": "pbkdf2_sha256$870000$NT2Lk6NN6Kr1RuDuU8p9Av$ykiXUiGSToh83zloVXKqShJvR/p4wsOFD0cpdqTqRUI=", "last_login": "2025-02-24T10:33:25.081Z", "is_superuser": false, "username": "user4444", "first_name": "user4", "last_name": "v", "email": "user444@gmail.com", "is_staff": false, "is_active": true, "date_joined": "2025-02-21T05:19:52.693Z", "phone_number": "8978589689", "address": "fdgvvrb", "country": "AT", "status": "PENDING", "is_approved": true, "created_at": "2025-02-21T05:19:53.452Z", "has_requested": false, "groups": [], "user_permissions": []}}, {"model": "mafazapp.customuser", "pk": "786e4ecd-ef0b-4bf2-8738-71061c6529c3", "fields": {"password": "pbkdf2_sha256$870000$mnjTOMiVk4apBXsHgqo0eB$1Vf7CcrMFE96vExlsAPr+lhglX+AX47e5QirRnb15wU=", "last_login": "2025-03-08T13:59:28.839Z", "is_superuser": false, "username": "user333", "first_name": "user3", "last_name": "h s", "email": "user333@gmail.com", "is_staff": true, "is_active": true, "date_joined": "2025-02-20T10:38:25Z", "phone_number": "7858654568", "address": "jsdj", "country": "BH", "status": "PENDING", "is_approved": true, "created_at": "2025-02-20T10:38:25.866Z", "has_requested": false, "groups": [], "user_permissions": []}}, {"model": "mafazapp.customuser", "pk": "8892fb10-7cef-4192-ad74-f10bff1e31e1", "fields": {"password": "pbkdf2_sha256$870000$rpQ8yGUUfPiba9ExVXE2lR$0JXtRUwwx2fnyUDq+lCl//eWTitwFEOo9S2IEWkxqog=", "last_login": "2025-03-08T13:54:49.665Z", "is_superuser": false, "username": "user111", "first_name": "user1", "last_name": "j s", "email": "user1@gmail.com", "is_staff": false, "is_active": true, "date_joined": "2025-02-20T06:25:54Z", "phone_number": "8978589689", "address": "dfvsdfc", "country": "BH", "status": "PENDING", "is_approved": true, "created_at": "2025-02-20T06:25:55.215Z", "has_requested": false, "groups": [], "user_permissions": []}}, {"model": "mafazapp.customuser", "pk": "b7ea5048-1858-4595-9dca-de2ec0a33d43", "fields": {"password": "pbkdf2_sha256$870000$35TaDFeBkycTMie8nAzPnK$0E+2v180ZqQDg40yGYc4MzxjuRqKULTFoESg9fMPZFM=", "last_login": "2025-03-06T14:39:50.443Z", "is_superuser": true, "username": "admin", "first_name": "", "last_name": "", "email": "admin123@gmail.com", "is_staff": true, "is_active": true, "date_joined": "2025-02-20T06:26:50.428Z", "phone_number": "", "address": "", "country": "", "status": "PENDING", "is_approved": false, "created_at": "2025-02-20T06:26:50.757Z", "has_requested": false, "groups": [], "user_permissions": []}}, {"model": "mafazapp.customuser", "pk": "dd636129-b8c4-49f7-8451-3fe84c65bce0", "fields": {"password": "pbkdf2_sha256$870000$9P03BDBPVz3JF7V38LjHLw$JUKTo/tN6IWkJKNdIoEydsfh2s6/RTREXlubZuqYkWk=", "last_login": "2025-02-28T05:04:52.789Z", "is_superuser": false, "username": "user555", "first_name": "user5", "last_name": "m", "email": "user555@gmail.com", "is_staff": false, "is_active": true, "date_joined": "2025-02-28T04:56:47.945Z", "phone_number": "9878485895", "address": "jdnc cne ns", "country": "IN", "status": "PENDING", "is_approved": true, "created_at": "2025-02-28T04:56:48.687Z", "has_requested": false, "groups": [], "user_permissions": []}}, {"model": "mafazapp.passwordresetrequest", "pk": "0e3fd300-18dd-4d6e-8c4a-72e12852d06f", "fields": {"user": "786e4ecd-ef0b-4bf2-8738-71061c6529c3", "requested_at": "2025-02-21T06:04:14.961Z", "is_resolved": false}}, {"model": "mafazapp.passwordresetrequest", "pk": "2a9a4e0a-4f30-4461-9044-afd9b4ab47fa", "fields": {"user": "8892fb10-7cef-4192-ad74-f10bff1e31e1", "requested_at": "2025-02-21T07:59:46.522Z", "is_resolved": false}}, {"model": "mafazapp.passwordresetrequest", "pk": "359f1b55-d92c-4d16-af6c-61c2e193ba5f", "fields": {"user": "786e4ecd-ef0b-4bf2-8738-71061c6529c3", "requested_at": "2025-02-21T06:27:34.493Z", "is_resolved": false}}, {"model": "mafazapp.passwordresetrequest", "pk": "385083b6-d1a3-45c0-a30b-606943f8b6eb", "fields": {"user": "30520f72-ba60-4923-a526-6ebc17dd444f", "requested_at": "2025-02-24T08:31:46.000Z", "is_resolved": false}}, {"model": "mafazapp.passwordresetrequest", "pk": "4827a0f8-5004-4409-b269-45e079533384", "fields": {"user": "39e9f5c4-9d94-40b9-b269-35e58020a61a", "requested_at": "2025-02-24T10:14:05.999Z", "is_resolved": false}}, {"model": "mafazapp.passwordresetrequest", "pk": "50b82f53-9f77-48d9-9441-62e79da65774", "fields": {"user": "30520f72-ba60-4923-a526-6ebc17dd444f", "requested_at": "2025-02-25T10:34:31.320Z", "is_resolved": false}}, {"model": "mafazapp.passwordresetrequest", "pk": "6e17af11-f975-4284-aaba-d488c863db90", "fields": {"user": "786e4ecd-ef0b-4bf2-8738-71061c6529c3", "requested_at": "2025-02-21T06:01:10.779Z", "is_resolved": false}}, {"model": "mafazapp.passwordresetrequest", "pk": "6f27af8d-1963-43a5-aca3-c520af75c18c", "fields": {"user": "30520f72-ba60-4923-a526-6ebc17dd444f", "requested_at": "2025-02-25T07:04:32.160Z", "is_resolved": false}}, {"model": "mafazapp.passwordresetrequest", "pk": "795fb642-dd85-4ee4-b7d0-4467388346a0", "fields": {"user": "39e9f5c4-9d94-40b9-b269-35e58020a61a", "requested_at": "2025-02-21T06:25:08.702Z", "is_resolved": false}}, {"model": "mafazapp.passwordresetrequest", "pk": "8180690e-3a44-4e84-b03b-e01369935cf9", "fields": {"user": "8892fb10-7cef-4192-ad74-f10bff1e31e1", "requested_at": "2025-03-06T14:41:39.369Z", "is_resolved": false}}, {"model": "mafazapp.passwordresetrequest", "pk": "836f2cb7-eef2-4df5-8523-4142fc66962a", "fields": {"user": "786e4ecd-ef0b-4bf2-8738-71061c6529c3", "requested_at": "2025-02-21T06:00:40.081Z", "is_resolved": false}}, {"model": "mafazapp.passwordresetrequest", "pk": "83b637f3-e80b-4417-bfd1-ce1833ff08a7", "fields": {"user": "8892fb10-7cef-4192-ad74-f10bff1e31e1", "requested_at": "2025-03-06T14:46:21.120Z", "is_resolved": false}}, {"model": "mafazapp.passwordresetrequest", "pk": "98dbdbdf-d97c-4572-adc0-4aabbc0c7a48", "fields": {"user": "30520f72-ba60-4923-a526-6ebc17dd444f", "requested_at": "2025-02-21T05:52:38.555Z", "is_resolved": false}}, {"model": "mafazapp.passwordresetrequest", "pk": "9a4038f2-a26f-42b7-bd37-4f22af4c8546", "fields": {"user": "39e9f5c4-9d94-40b9-b269-35e58020a61a", "requested_at": "2025-02-21T07:43:10.441Z", "is_resolved": false}}, {"model": "mafazapp.passwordresetrequest", "pk": "9c2d51e4-b130-4264-a763-fe54d88b1bd0", "fields": {"user": "30520f72-ba60-4923-a526-6ebc17dd444f", "requested_at": "2025-02-21T06:17:08.060Z", "is_resolved": false}}, {"model": "mafazapp.passwordresetrequest", "pk": "a22fe842-2c0d-4096-8d37-0f183d836162", "fields": {"user": "30520f72-ba60-4923-a526-6ebc17dd444f", "requested_at": "2025-02-21T05:51:53.701Z", "is_resolved": false}}, {"model": "mafazapp.passwordresetrequest", "pk": "b3464901-1f9b-48a0-970e-577d0fa79005", "fields": {"user": "39e9f5c4-9d94-40b9-b269-35e58020a61a", "requested_at": "2025-02-21T06:12:22.894Z", "is_resolved": false}}, {"model": "mafazapp.passwordresetrequest", "pk": "b93fcfd3-d115-452b-9824-e4682fca461c", "fields": {"user": "39e9f5c4-9d94-40b9-b269-35e58020a61a", "requested_at": "2025-02-21T07:41:52.903Z", "is_resolved": false}}, {"model": "mafazapp.passwordresetrequest", "pk": "c7c6a34f-8770-4b3b-82d9-807e26cb90ae", "fields": {"user": "30520f72-ba60-4923-a526-6ebc17dd444f", "requested_at": "2025-03-06T14:40:45.593Z", "is_resolved": false}}, {"model": "mafazapp.passwordresetrequest", "pk": "d52cefcd-aad3-4e9c-a49f-dec9883a2a28", "fields": {"user": "39e9f5c4-9d94-40b9-b269-35e58020a61a", "requested_at": "2025-02-21T06:25:11.537Z", "is_resolved": false}}, {"model": "mafazapp.passwordresetrequest", "pk": "da4e0505-109c-410c-a65c-3fe96d54c2ae", "fields": {"user": "39e9f5c4-9d94-40b9-b269-35e58020a61a", "requested_at": "2025-02-21T06:25:12.159Z", "is_resolved": false}}, {"model": "mafazapp.passwordresetrequest", "pk": "e5ce13d3-a942-475b-b854-0b3ca453ff61", "fields": {"user": "786e4ecd-ef0b-4bf2-8738-71061c6529c3", "requested_at": "2025-02-21T06:09:27.006Z", "is_resolved": false}}, {"model": "mafazapp.passwordresetrequest", "pk": "feaad865-565b-4c17-955a-8cdd4b588161", "fields": {"user": "786e4ecd-ef0b-4bf2-8738-71061c6529c3", "requested_at": "2025-02-21T06:26:44.241Z", "is_resolved": false}}, {"model": "mafazapp.investmentproject", "pk": 1, "fields": {"project_name": "project1", "total_investment": "10000.00", "min_roi": "2.00", "max_roi": "20.00", "project_description": "mlkmkls", "image1": "project_images/Acer_Wallpaper_03_3840x2400.jpg", "image2": "project_images/Acer_Wallpaper_05_3840x2400_DaOonk9.jpg", "image3": "project_images/img1_APSgxGo.jpg", "is_active": true, "created_at": "2025-02-21T09:17:40.936Z"}}, {"model": "mafazapp.investmentproject", "pk": 2, "fields": {"project_name": "project2", "total_investment": "500000.00", "min_roi": "2.00", "max_roi": "10.00", "project_description": "bfgbf", "image1": "project_images/Acer_Wallpaper_03_3840x2400_-_Copy.jpg", "image2": "project_images/Acer_Wallpaper_03_3840x2400_JNYRaE5.jpg", "image3": "project_images/Acer_Wallpaper_04_3840x2400_-_Copy_-_Copy.jpg", "is_active": true, "created_at": "2025-02-21T09:20:22.395Z"}}, {"model": "mafazapp.investmentproject", "pk": 3, "fields": {"project_name": "project33", "total_investment": "1000000.00", "min_roi": "2.00", "max_roi": "10.00", "project_description": "dcdmlk", "image1": "project_images/Acer_Wallpaper_04_3840x2400_SGLOyll.jpg", "image2": "project_images/Acer_Wallpaper_05_3840x2400_vZV3fJU.jpg", "image3": "project_images/img2_ml9SWLI.jpg", "is_active": true, "created_at": "2025-02-24T08:55:22.912Z"}}, {"model": "mafazapp.investmentproject", "pk": 4, "fields": {"project_name": "project4", "total_investment": "100000.00", "min_roi": "2.00", "max_roi": "5.00", "project_description": "kmk", "image1": "project_images/Acer_Wallpaper_05_3840x2400.jpg", "image2": "project_images/img1_l3Q5Rke.jpg", "image3": "project_images/img2_Fct0lyZ.jpg", "is_active": true, "created_at": "2025-03-03T09:48:17.324Z"}}, {"model": "mafazapp.investmentproject", "pk": 5, "fields": {"project_name": "project5", "total_investment": "500000.00", "min_roi": "3.00", "max_roi": "8.00", "project_description": "m vdfkvmdkflvmkfdlv", "image1": "project_images/Acer_Wallpaper_03_3840x2400_eb9cbGe.jpg", "image2": "project_images/img1_LjWxADA.jpg", "image3": "project_images/img2_68NOwAO.jpg", "is_active": true, "created_at": "2025-03-03T12:09:51.534Z"}}, {"model": "mafazapp.investmentproject", "pk": 6, "fields": {"project_name": "project7", "total_investment": "2000000.00", "min_roi": "4.00", "max_roi": "9.00", "project_description": "dvdfvdfv", "image1": "project_images/Acer_Wallpaper_05_3840x2400_BK6E5hW.jpg", "image2": "", "image3": "", "is_active": true, "created_at": "2025-03-03T12:11:53.846Z"}}, {"model": "mafazapp.investmentproject", "pk": 7, "fields": {"project_name": "project8", "total_investment": "20000000.00", "min_roi": "5.00", "max_roi": "6.00", "project_description": "sfcsdc", "image1": "project_images/Acer_Wallpaper_04_3840x2400.jpg", "image2": "project_images/Acer_Wallpaper_05_3840x2400_JYyHoqh.jpg", "image3": "project_images/img1_73QLSFR.jpg", "is_active": true, "created_at": "2025-03-03T12:13:48.486Z"}}, {"model": "mafazapp.investmentproject", "pk": 8, "fields": {"project_name": "project10", "total_investment": "5000.00", "min_roi": "2.00", "max_roi": "5.00", "project_description": "sm ksvk,s", "image1": "project_images/Acer_Wallpaper_03_3840x2400_-_Copy_r115vRU.jpg", "image2": "project_images/Acer_Wallpaper_05_3840x2400_uMC7SDu.jpg", "image3": "project_images/img1_YLfuRmm.jpg", "is_active": true, "created_at": "2025-03-03T12:14:36.480Z"}}, {"model": "mafazapp.transaction", "pk": 1, "fields": {"date": "2025-02-21", "user": "39e9f5c4-9d94-40b9-b269-35e58020a61a", "amount": "500.00", "project": 1, "transaction_type": "investment", "narration": "kjndkj", "receipt": "receipts/img1.jpg", "status": "pending"}}, {"model": "mafazapp.transaction", "pk": 2, "fields": {"date": "2025-02-21", "user": "8892fb10-7cef-4192-ad74-f10bff1e31e1", "amount": "500.00", "project": 1, "transaction_type": "investment", "narration": "65555", "receipt": "receipts/img1_rro5670.jpg", "status": "approved"}}, {"model": "mafazapp.transaction", "pk": 3, "fields": {"date": "2025-02-25", "user": "39e9f5c4-9d94-40b9-b269-35e58020a61a", "amount": "400.00", "project": 2, "transaction_type": "investment", "narration": "d c,", "receipt": "receipts/img1_n7mzmZY.jpg", "status": "approved"}}, {"model": "mafazapp.transaction", "pk": 4, "fields": {"date": "2025-02-25", "user": "8892fb10-7cef-4192-ad74-f10bff1e31e1", "amount": "700.00", "project": 2, "transaction_type": "investment", "narration": "nm dc", "receipt": "receipts/Acer_Wallpaper_04_3840x2400.jpg", "status": "approved"}}, {"model": "mafazapp.transaction", "pk": 5, "fields": {"date": "2025-02-25", "user": "8892fb10-7cef-4192-ad74-f10bff1e31e1", "amount": "850.00", "project": 2, "transaction_type": "investment", "narration": "sv,lfd,v", "receipt": "receipts/img2.jpg", "status": "rejected"}}, {"model": "mafazapp.transaction", "pk": 6, "fields": {"date": "2025-02-25", "user": "8892fb10-7cef-4192-ad74-f10bff1e31e1", "amount": "500.00", "project": 2, "transaction_type": "investment", "narration": ",cd,s", "receipt": "receipts/img2_0eXFKv7.jpg", "status": "approved"}}, {"model": "mafazapp.transaction", "pk": 7, "fields": {"date": "2025-02-25", "user": "8892fb10-7cef-4192-ad74-f10bff1e31e1", "amount": "50.00", "project": 1, "transaction_type": "withdrawal", "narration": "mkmk", "receipt": "", "status": "approved"}}, {"model": "mafazapp.transaction", "pk": 8, "fields": {"date": "2025-02-25", "user": "30520f72-ba60-4923-a526-6ebc17dd444f", "amount": "4000.00", "project": 2, "transaction_type": "investment", "narration": "n k", "receipt": "", "status": "approved"}}, {"model": "mafazapp.transaction", "pk": 9, "fields": {"date": "2025-02-25", "user": "8892fb10-7cef-4192-ad74-f10bff1e31e1", "amount": "6000.00", "project": 2, "transaction_type": "investment", "narration": "n k", "receipt": "receipts/img2_RuJkyUj.jpg", "status": "approved"}}, {"model": "mafazapp.transaction", "pk": 10, "fields": {"date": "2025-02-28", "user": "dd636129-b8c4-49f7-8451-3fe84c65bce0", "amount": "500000.00", "project": 2, "transaction_type": "investment", "narration": "invest", "receipt": "", "status": "approved"}}, {"model": "mafazapp.transaction", "pk": 11, "fields": {"date": "2025-02-28", "user": "dd636129-b8c4-49f7-8451-3fe84c65bce0", "amount": "110.00", "project": 2, "transaction_type": "investment", "narration": "invest", "receipt": "receipts/img2_lzGHUpp.jpg", "status": "rejected"}}, {"model": "mafazapp.transaction", "pk": 12, "fields": {"date": "2025-03-06", "user": "8892fb10-7cef-4192-ad74-f10bff1e31e1", "amount": "110.00", "project": 5, "transaction_type": "investment", "narration": "invest", "receipt": "receipts/Acer_Wallpaper_04_3840x2400_-_Copy.jpg", "status": "approved"}}, {"model": "mafazapp.transaction", "pk": 13, "fields": {"date": "2025-03-08", "user": "8892fb10-7cef-4192-ad74-f10bff1e31e1", "amount": "500.00", "project": 3, "transaction_type": "investment", "narration": "dcszdc", "receipt": "", "status": "pending"}}, {"model": "mafazapp.transaction", "pk": 14, "fields": {"date": "2025-03-08", "user": "8892fb10-7cef-4192-ad74-f10bff1e31e1", "amount": "110.00", "project": 3, "transaction_type": "investment", "narration": "invest", "receipt": "receipts/Acer_Wallpaper_04_3840x2400_-_Copy_GSlvqd6.jpg", "status": "approved"}}, {"model": "mafazapp.userprojectassignment", "pk": 1, "fields": {"user": "786e4ecd-ef0b-4bf2-8738-71061c6529c3", "project": 1, "roi": "4.00", "return_period": "annual"}}, {"model": "mafazapp.userprojectassignment", "pk": 2, "fields": {"user": "8892fb10-7cef-4192-ad74-f10bff1e31e1", "project": 2, "roi": "2.00", "return_period": "10m"}}, {"model": "mafazapp.userprojectassignment", "pk": 3, "fields": {"user": "39e9f5c4-9d94-40b9-b269-35e58020a61a", "project": 1, "roi": "2.00", "return_period": "annual"}}, {"model": "mafazapp.userprojectassignment", "pk": 4, "fields": {"user": "39e9f5c4-9d94-40b9-b269-35e58020a61a", "project": 2, "roi": "5.00", "return_period": "annual"}}, {"model": "mafazapp.userprojectassignment", "pk": 5, "fields": {"user": "8892fb10-7cef-4192-ad74-f10bff1e31e1", "project": 3, "roi": "1.00", "return_period": "annual"}}, {"model": "mafazapp.userprojectassignment", "pk": 6, "fields": {"user": "30520f72-ba60-4923-a526-6ebc17dd444f", "project": 1, "roi": "1.00", "return_period": "annual"}}, {"model": "mafazapp.userprojectassignment", "pk": 7, "fields": {"user": "8892fb10-7cef-4192-ad74-f10bff1e31e1", "project": 1, "roi": "8.00", "return_period": "annual"}}, {"model": "mafazapp.userprojectassignment", "pk": 8, "fields": {"user": "30520f72-ba60-4923-a526-6ebc17dd444f", "project": 3, "roi": "2.00", "return_period": "annual"}}, {"model": "mafazapp.userprojectassignment", "pk": 9, "fields": {"user": "30520f72-ba60-4923-a526-6ebc17dd444f", "project": 2, "roi": "1.00", "return_period": "annual"}}, {"model": "mafazapp.userprojectassignment", "pk": 10, "fields": {"user": "dd636129-b8c4-49f7-8451-3fe84c65bce0", "project": 2, "roi": "3.00", "return_period": "5m"}}, {"model": "mafazapp.userprojectassignment", "pk": 11, "fields": {"user": "dd636129-b8c4-49f7-8451-3fe84c65bce0", "project": 3, "roi": "1.00", "return_period": "5m"}}, {"model": "mafazapp.userprojectassignment", "pk": 12, "fields": {"user": "8892fb10-7cef-4192-ad74-f10bff1e31e1", "project": 4, "roi": "4.00", "return_period": "monthly"}}, {"model": "mafazapp.userprojectassignment", "pk": 13, "fields": {"user": "8892fb10-7cef-4192-ad74-f10bff1e31e1", "project": 5, "roi": null, "return_period": "5m"}}, {"model": "mafazapp.userprojectassignment", "pk": 14, "fields": {"user": "8892fb10-7cef-4192-ad74-f10bff1e31e1", "project": 6, "roi": "2.00", "return_period": "quarterly"}}, {"model": "mafazapp.userprojectassignment", "pk": 15, "fields": {"user": "8892fb10-7cef-4192-ad74-f10bff1e31e1", "project": 7, "roi": "8.00", "return_period": "semiannual"}}, {"model": "mafazapp.userdocument", "pk": 1, "fields": {"user": "786e4ecd-ef0b-4bf2-8738-71061c6529c3", "document_type": "aadhaar", "file": "user_documents/img1.jpg", "uploaded_at": "2025-02-24T06:44:14.061Z"}}, {"model": "mafazapp.userdocument", "pk": 2, "fields": {"user": "8892fb10-7cef-4192-ad74-f10bff1e31e1", "document_type": "aadhaar", "file": "user_documents/img2.jpg", "uploaded_at": "2025-02-24T08:30:03.084Z"}}, {"model": "mafazapp.userdocument", "pk": 4, "fields": {"user": "dd636129-b8c4-49f7-8451-3fe84c65bce0", "document_type": "aadhaar", "file": "user_documents/img2_SMKWYUb.jpg", "uploaded_at": "2025-02-28T05:09:01.818Z"}}]